"id","url"
"u1dpt3iyms","https://xn----8sbfhdabdwf1afqu5baxe0f2d.xn--p1ai/public/organization/3661"
"8zd4kctsoz",
"ctiqcaywqm","https://xn----8sbfhdabdwf1afqu5baxe0f2d.xn--p1ai/public/organization/2903"
"sisytkom7x","https://xn----8sbfhdabdwf1afqu5baxe0f2d.xn--p1ai/public/organization/4016"
"chokaxj6xy","https://xn----8sbfhdabdwf1afqu5baxe0f2d.xn--p1ai/public/organization/2849"
"wmyddq5cst","https://xn----8sbfhdabdwf1afqu5baxe0f2d.xn--p1ai/public/organization/2827"
"59rlnpjpsk","https://xn----8sbfhdabdwf1afqu5baxe0f2d.xn--p1ai/public/organization/3423"
"la5zy15hzd","https://xn----8sbfhdabdwf1afqu5baxe0f2d.xn--p1ai/public/organization/5354"
"h0zsw2fc5f","https://xn----8sbfhdabdwf1afqu5baxe0f2d.xn--p1ai/public/organization/2636"
"augafldhak","https://xn----8sbfhdabdwf1afqu5baxe0f2d.xn--p1ai/public/organization/2871"
"4twacwymeq",
"nnspgco3o5",
"ikjhxjkd0c","https://xn----8sbfhdabdwf1afqu5baxe0f2d.xn--p1ai/public/organization/5283"
"pulxqiuofj","https://xn----8sbfhdabdwf1afqu5baxe0f2d.xn--p1ai/public/organization/3572"
"vbclqozcgs","https://xn----8sbfhdabdwf1afqu5baxe0f2d.xn--p1ai/public/organization/5433"
"ooewss7xgo","https://xn----8sbfhdabdwf1afqu5baxe0f2d.xn--p1ai/public/organization/2814"
"irhvwcr7sy","https://xn----8sbfhdabdwf1afqu5baxe0f2d.xn--p1ai/public/organization/2786"
"kglkemmeya","https://xn----8sbfhdabdwf1afqu5baxe0f2d.xn--p1ai/public/organization/3442"
"culfq1smj4","https://xn----8sbfhdabdwf1afqu5baxe0f2d.xn--p1ai/public/organization/5439"
"3vi4fghy5p","https://xn----8sbfhdabdwf1afqu5baxe0f2d.xn--p1ai/public/organization/3290"
"fjuczt4wem","https://xn----8sbfhdabdwf1afqu5baxe0f2d.xn--p1ai/public/organization/3259"
"qlodvuygcf",
"mnrux6qe72","https://xn----8sbfhdabdwf1afqu5baxe0f2d.xn--p1ai/public/organization/3471"
"jgpqaernw9","https://xn----8sbfhdabdwf1afqu5baxe0f2d.xn--p1ai/public/organization/3609"
"uzklrpd7jc","https://xn----8sbfhdabdwf1afqu5baxe0f2d.xn--p1ai/public/organization/5171"
"uja1yw7pum","https://xn----8sbfhdabdwf1afqu5baxe0f2d.xn--p1ai/public/organization/3920"
"dwbpclcu9p","https://xn----8sbfhdabdwf1afqu5baxe0f2d.xn--p1ai/public/organization/2686"
"3nb6pssffh","https://xn----8sbfhdabdwf1afqu5baxe0f2d.xn--p1ai/public/organization/3140"
"ufrgrmnobo",
"drfntnpaew",
"yjotsrjyeq",
"ep60thjwnf",
"rmpvygmvxo","https://xn----8sbfhdabdwf1afqu5baxe0f2d.xn--p1ai/public/organization/2998"
"witvgdqmdp","https://xn----8sbfhdabdwf1afqu5baxe0f2d.xn--p1ai/public/organization/3121"
"ibyubmyqnn","https://xn----8sbfhdabdwf1afqu5baxe0f2d.xn--p1ai/public/organization/3934"
"v0sd1lnvpd","https://xn----8sbfhdabdwf1afqu5baxe0f2d.xn--p1ai/public/organization/3678"
"xveym4ysol","https://xn----8sbfhdabdwf1afqu5baxe0f2d.xn--p1ai/public/organization/3675"
"nncym1tit8","https://xn----8sbfhdabdwf1afqu5baxe0f2d.xn--p1ai/public/organization/5202"
"abe2rfg4tz","https://xn----8sbfhdabdwf1afqu5baxe0f2d.xn--p1ai/public/organization/3694"
"hqhlbxelld",
"q0kil0a02a","https://xn----8sbfhdabdwf1afqu5baxe0f2d.xn--p1ai/public/organization/5463"
"diiodnqzwo","https://xn----8sbfhdabdwf1afqu5baxe0f2d.xn--p1ai/public/organization/2829"
"xav3rjegec","https://xn----8sbfhdabdwf1afqu5baxe0f2d.xn--p1ai/public/organization/4157"
"qkaxxbqxbm","https://xn----8sbfhdabdwf1afqu5baxe0f2d.xn--p1ai/public/organization/3657"
"pc1exd2mfn","https://xn----8sbfhdabdwf1afqu5baxe0f2d.xn--p1ai/public/organization/4097"
"tjjclm6dch","https://xn----8sbfhdabdwf1afqu5baxe0f2d.xn--p1ai/public/organization/3163"
"qiyaomgyze",
"jgqxs4ilmo",
"nmeapcticw","https://xn----8sbfhdabdwf1afqu5baxe0f2d.xn--p1ai/public/organization/5024"
"llm3hrmbuz","https://xn----8sbfhdabdwf1afqu5baxe0f2d.xn--p1ai/public/organization/3148"
"2nbk3f2heg","https://xn----8sbfhdabdwf1afqu5baxe0f2d.xn--p1ai/public/organization/5375"
"b1n8keacrg","https://xn----8sbfhdabdwf1afqu5baxe0f2d.xn--p1ai/public/organization/3184"
"chfjnbc9gd","https://xn----8sbfhdabdwf1afqu5baxe0f2d.xn--p1ai/public/organization/3542"
"5zkswip5kv","https://xn----8sbfhdabdwf1afqu5baxe0f2d.xn--p1ai/public/organization/5422"
"7il9n1naj6","https://xn----8sbfhdabdwf1afqu5baxe0f2d.xn--p1ai/public/organization/2654"
"1zwzl1pnug","https://xn----8sbfhdabdwf1afqu5baxe0f2d.xn--p1ai/public/organization/2683"
"n3oyvtotbz","https://xn----8sbfhdabdwf1afqu5baxe0f2d.xn--p1ai/public/organization/5445"
"k6tfgi9hvb","https://xn----8sbfhdabdwf1afqu5baxe0f2d.xn--p1ai/public/organization/3363"
"ern3q8r9kq","https://xn----8sbfhdabdwf1afqu5baxe0f2d.xn--p1ai/public/organization/3342"
"esjqedamix","https://xn----8sbfhdabdwf1afqu5baxe0f2d.xn--p1ai/public/organization/5253"
"6uem6sh7pd",
"qfosc1klbk","https://xn----8sbfhdabdwf1afqu5baxe0f2d.xn--p1ai/public/organization/3211"
"1j9sz6vkdl","https://xn----8sbfhdabdwf1afqu5baxe0f2d.xn--p1ai/public/organization/5450"
"ckpj9iog11","https://xn----8sbfhdabdwf1afqu5baxe0f2d.xn--p1ai/public/organization/2668"
"yzwi2wdkdr","https://xn----8sbfhdabdwf1afqu5baxe0f2d.xn--p1ai/public/organization/3452"
"jdopua9oid","https://xn----8sbfhdabdwf1afqu5baxe0f2d.xn--p1ai/public/organization/3222"
"lc9dmv5txk","https://xn----8sbfhdabdwf1afqu5baxe0f2d.xn--p1ai/public/organization/3826"
"hdyd5b3r8v",
"0fc5omrlbl","https://xn----8sbfhdabdwf1afqu5baxe0f2d.xn--p1ai/public/organization/5464"
"iujl15jrd4",
"j8wbik3emg","https://xn----8sbfhdabdwf1afqu5baxe0f2d.xn--p1ai/public/organization/4986"
"racftnl0vw",
"bbs4qel3ne","https://xn----8sbfhdabdwf1afqu5baxe0f2d.xn--p1ai/public/organization/2898"
"z3qd14hdo3","https://xn----8sbfhdabdwf1afqu5baxe0f2d.xn--p1ai/public/organization/3073"
"ezg3l1cmfo","https://xn----8sbfhdabdwf1afqu5baxe0f2d.xn--p1ai/public/organization/4256"
"9lvdbk3gm3","https://xn----8sbfhdabdwf1afqu5baxe0f2d.xn--p1ai/public/organization/3706"
"nt9r0eayps","https://xn----8sbfhdabdwf1afqu5baxe0f2d.xn--p1ai/public/organization/5248"
"lxivvro7ih","https://xn----8sbfhdabdwf1afqu5baxe0f2d.xn--p1ai/public/organization/4999"
"d9yz4kbcs4","https://xn----8sbfhdabdwf1afqu5baxe0f2d.xn--p1ai/public/organization/4046"
"tj72fyldee",
"gmmdiyxyc9","https://xn----8sbfhdabdwf1afqu5baxe0f2d.xn--p1ai/public/organization/3738"
"l5woimpg9q","https://xn----8sbfhdabdwf1afqu5baxe0f2d.xn--p1ai/public/organization/3543"
"vhewg8fuh0",
"kq0setz1qp","https://xn----8sbfhdabdwf1afqu5baxe0f2d.xn--p1ai/public/organization/3823"
"k7j9wbvvka","https://xn----8sbfhdabdwf1afqu5baxe0f2d.xn--p1ai/public/organization/3112"
"upcbmyzymf","https://xn----8sbfhdabdwf1afqu5baxe0f2d.xn--p1ai/public/organization/3364"
"jdlr3pncr4",
"9rogzfmuhs",
"jv9okr2qar","https://xn----8sbfhdabdwf1afqu5baxe0f2d.xn--p1ai/public/organization/3388"
"4kndqcwpf4","https://xn----8sbfhdabdwf1afqu5baxe0f2d.xn--p1ai/public/organization/3043"
"7mzkpv35zl","https://xn----8sbfhdabdwf1afqu5baxe0f2d.xn--p1ai/public/organization/5188"
"dic4hkulmk","https://xn----8sbfhdabdwf1afqu5baxe0f2d.xn--p1ai/public/organization/3424"
"vt81dqczsu","https://xn----8sbfhdabdwf1afqu5baxe0f2d.xn--p1ai/public/organization/2968"
"u4arqjctag",
"m4yg9xa7zc",
"rsakfjgngg","https://xn----8sbfhdabdwf1afqu5baxe0f2d.xn--p1ai/public/organization/2806"
"olwq2ddpgt",
"euewwrcszx","https://xn----8sbfhdabdwf1afqu5baxe0f2d.xn--p1ai/public/organization/3646"
"fgnzen3sxz","https://xn----8sbfhdabdwf1afqu5baxe0f2d.xn--p1ai/public/organization/4092"
"2sgmvjfgqd","https://xn----8sbfhdabdwf1afqu5baxe0f2d.xn--p1ai/public/organization/3717"
"87sz39pfuh",
"odnsnlglrb","https://xn----8sbfhdabdwf1afqu5baxe0f2d.xn--p1ai/public/organization/5228"
"udsvxmuw42","https://xn----8sbfhdabdwf1afqu5baxe0f2d.xn--p1ai/public/organization/3644"
"iuy2cfyblp",
"gmpsfjeht0","https://xn----8sbfhdabdwf1afqu5baxe0f2d.xn--p1ai/public/organization/3095"
"qr2eyzfu2w","https://xn----8sbfhdabdwf1afqu5baxe0f2d.xn--p1ai/public/organization/3143"
"uzgwb6jk0m","https://xn----8sbfhdabdwf1afqu5baxe0f2d.xn--p1ai/public/organization/2915"
"qt9t0d8vjd","https://xn----8sbfhdabdwf1afqu5baxe0f2d.xn--p1ai/public/organization/5382"
"nno7yddutg","https://xn----8sbfhdabdwf1afqu5baxe0f2d.xn--p1ai/public/organization/2826"
"heo0www7bu","https://xn----8sbfhdabdwf1afqu5baxe0f2d.xn--p1ai/public/organization/3611"
"sxfxt87m9s","https://xn----8sbfhdabdwf1afqu5baxe0f2d.xn--p1ai/public/organization/5314"
"jmhov82dut","https://xn----8sbfhdabdwf1afqu5baxe0f2d.xn--p1ai/public/organization/3769"
"dvhrkl3hhp","https://xn----8sbfhdabdwf1afqu5baxe0f2d.xn--p1ai/public/vacancies/view/88552"
"qxtelp0di1","https://xn----8sbfhdabdwf1afqu5baxe0f2d.xn--p1ai/public/organization/2995"
"0qhctaenw4","https://xn----8sbfhdabdwf1afqu5baxe0f2d.xn--p1ai/public/organization/3283"
"2c41wro987",
"ev94nd01js","https://xn----8sbfhdabdwf1afqu5baxe0f2d.xn--p1ai/public/organization/3170"
"bzlbu42y6h","https://xn----8sbfhdabdwf1afqu5baxe0f2d.xn--p1ai/public/organization/3343"
"bddmbn9piy","https://xn----8sbfhdabdwf1afqu5baxe0f2d.xn--p1ai/public/organization/3635"
"krdeociohk","https://xn----8sbfhdabdwf1afqu5baxe0f2d.xn--p1ai/public/organization/3425"
"ajzokmvfkj","https://xn----8sbfhdabdwf1afqu5baxe0f2d.xn--p1ai/public/organization/5338"
